id,tipo,tema,hanzi,pinyin,espanol,explicacion,ejemplo_hanzi,ejemplo_pinyin,ejemplo_espanol,pagina,etiquetas,ingles,explicacion_ingles,ejemplo_ingles,etiquetas_ingles,nombres_propios
FC001,palabra,pronombres,我,wǒ,yo,Pronombre personal de primera persona del singular.,我是学生。,Wǒ shì xuésheng.,Soy estudiante.,1-3,pronombre;basico,I,First-person singular personal pronoun.,I am a student.,pronoun;basics,
FC002,palabra,pronombres,你,nǐ,tú,Pronombre informal de segunda persona del singular.,你叫什么名字？,Nǐ jiào shénme míngzi?,¿Cómo te llamas?,1-3,pronombre;basico,you,Informal second-person singular pronoun.,What is your name?,pronoun;basics,
FC003,palabra,pronombres,您,nín,usted,"Forma respetuosa de «tú», usada con personas mayores o en situaciones formales.",您最近怎么样？,Nín zuìjìn zěnmeyàng?,¿Cómo está usted últimamente?,1-4,pronombre;formal;cortesia,you (polite),"Respectful form of “you”, used with elders or in formal situations.",How have you been lately?,pronoun;formal;politeness,
FC004,palabra,pronombres,他,tā,él,Pronombre masculino de tercera persona del singular.,他姓吴。,Tā xìng Wú.,Él se apellida Wu.,1;4;8,pronombre,he,Masculine third-person singular pronoun.,His surname is Wu.,pronoun,吴;Wú;Wu
FC005,palabra,pronombres,她,tā,ella,Pronombre femenino de tercera persona del singular; se pronuncia igual que 他.,她是Fátima。,Tā shì Fátima.,Ella es Fátima.,1;5;9,pronombre,she,Feminine third-person singular pronoun; pronounced the same as 他.,She is Fátima.,pronoun,Fátima
FC006,palabra,pronombres,它,tā,pronombre para animales y cosas,Pronombre de tercera persona para animales u objetos; se pronuncia igual que 他 y 她.,它很好。,Tā hěn hǎo.,Está muy bien.,1-2,pronombre;animales;objetos,it,Third-person pronoun for animals or things; pronounced the same as he and she.,It is fine.,pronoun;animals;objects,
FC007,palabra,pronombres,们,men,sufijo de plural,Se añade sobre todo a pronombres y sustantivos de persona; no es un plural general para objetos.,你们,nǐmen,vosotros / ustedes,1-2;6;15,gramatica;plural,plural suffix,Added mainly to pronouns and nouns for people; it is not a general plural for objects.,you (plural),grammar;plural,
FC008,palabra,pronombres,我们,wǒmen,nosotros / nosotras,Plural de 我.,我们是学生。,Wǒmen shì xuésheng.,Somos estudiantes.,1;4-5,pronombre;plural,we,Plural of I.,We are students.,pronoun;plural,
FC009,palabra,pronombres,你们,nǐmen,vosotros / ustedes,Plural de 你.,你们最近怎么样？,Nǐmen zuìjìn zěnmeyàng?,¿Cómo estáis últimamente? / ¿Cómo están ustedes últimamente?,3-5;9,pronombre;plural,you (plural),Plural of you.,How have you all been lately?,pronoun;plural,
FC010,concepto,pronombres,他／她／它,tā / tā / tā,"¿Qué diferencia hay entre 他, 她 y 它?","Los tres se pronuncian tā. Al escribir, 他 es «él», 她 es «ella» y 它 se usa para animales o cosas.",他、她、它都读 tā。,"Tā, tā, tā dōu dú tā.",Los tres caracteres se leen tā.,1-2,pronunciacion;pronombre,"What is the difference between 他, 她, and 它?","All three are pronounced tā. In writing, 他 is “he”, 她 is “she”, and 它 is used for animals or things.",All three characters are read as tā.,pronunciation;pronoun,
FC011,concepto,caracteres,笔顺,bǐshùn,¿En qué orden se escriben los trazos del carácter 十?,Primero el trazo horizontal y después el vertical.,十,shí,"En 十, el trazo horizontal va antes que el vertical.",1-3,escritura;trazos,In what order are the strokes of the character 十 written?,"First the horizontal stroke, then the vertical one.","In 十, the horizontal stroke comes before the vertical one.",writing;strokes,
FC012,palabra,basico,学生,xuésheng,estudiante,Persona que estudia.,我是学生。,Wǒ shì xuésheng.,Soy estudiante.,1-3,persona;estudio,student,A person who studies.,I am a student.,person;studies,
FC013,palabra,saludos,最近,zuìjìn,últimamente / recientemente,Se refiere a un periodo cercano al momento actual.,你最近怎么样？,Nǐ zuìjìn zěnmeyàng?,¿Cómo estás últimamente?,3-5,tiempo;saludo,recently / lately,Refers to a period close to the present moment.,How have you been lately?,time;greeting,
FC014,frase,descripcion,还行,hái xíng,bastante bien / no está mal,Respuesta informal para decir que algo está aceptablemente bien.,我还行。,Wǒ hái xíng.,Estoy bastante bien.,3-5,estado;respuesta,all right / not bad,Informal response to say that something is acceptably good.,I'm doing all right.,state;response,
FC015,palabra,basico,这,zhè,este / esta / esto,Señala algo cercano.,这是谁的名字？,Zhè shì shéi de míngzi?,¿De quién es este nombre?,8-9,demostrativo;basico,this,Points to something nearby.,Whose name is this?,demonstrative;basics,
FC016,palabra,bebidas,牛奶,niúnǎi,leche,Literalmente significa «leche de vaca».,我喝牛奶。,Wǒ hē niúnǎi.,Bebo leche.,14,bebida;basico,milk,Literally it means “cow’s milk”.,I drink milk.,drink;basics,
FC017,palabra,acciones,喝,hē,beber,Verbo usado para tomar líquidos.,喝牛奶,hē niúnǎi,beber leche,14,verbo;bebida,to drink,Verb used for drinking liquids.,drink milk,verb;drink,
FC018,palabra,familia,儿子,érzi,hijo,Forma habitual de decir «hijo».,他是我儿子。,Tā shì wǒ érzi.,Él es mi hijo.,6-7,familia;persona,son,The usual way to say “son”.,He is my son.,family;person,
FC019,concepto,caracteres,部首,bùshǒu,¿Qué es un radical y para qué sirve?,Es el componente usado para clasificar y buscar un carácter en el diccionario.,您 → 心,nín → xīn,"En 您, el radical de clasificación es 心.",3,radical;diccionario,What is a radical and what is it for?,It is the component used to classify and look up a character in the dictionary.,"In 您, the classification radical is 心.",radical;dictionary,
FC020,palabra,radicales,心／忄,xīn,corazón (carácter y sus formas como radical),"心 significa «corazón» y puede funcionar como radical; cuando aparece en el lateral, suele adoptar la forma 忄.",您,nín,usted,3,radical;caracter,heart (character and its radical forms),心 means “heart” and can act as a radical; when it appears on the side it often takes the form 忄.,您,radical;character,
FC021,palabra,radicales,人／亻,rén,persona (carácter y sus formas como radical),人 significa «persona»; como componente lateral suele escribirse 亻.,你、他,"nǐ, tā",tú; él,3;6,radical;caracter,person (character and its radical forms),人 means “person”; as a side component it is usually written 亻.,you; he,radical;character,
FC022,palabra,radicales,女,nǚ,mujer / femenino (carácter y componente),Carácter y componente relacionados con la mujer o lo femenino.,她、好,"tā, hǎo",ella; bien,6;10,radical;familia,woman / feminine (character and component),Character and component linked to women or the feminine.,she; good,radical;family,
FC023,palabra,radicales,父,fù,padre (carácter formal y componente),"Significa «padre», pero suele aparecer en palabras como 父亲 o 父母. Para «papá» se usa 爸爸.",父亲／爸爸,fùqin / bàba,padre / papá,6-7,radical;familia,father (formal character and component),"It means “father” but usually appears in words like 父亲 or 父母. For “dad”, 爸爸 is used.",father / dad,radical;family,
FC024,palabra,radicales,口,kǒu,boca,Carácter y radical relacionados con la boca o el habla.,吗,ma,partícula interrogativa,10,radical;caracter,mouth,Character and radical related to the mouth or speech.,question particle,radical;character,
FC025,palabra,acciones,有,yǒu,tener / haber,Verbo básico que expresa que alguien tiene algo o que algo existe.,我上午有课。,Wǒ shàngwǔ yǒu kè.,Tengo clase por la mañana.,13,verbo;posesion;existencia;basico,to have / there is,Basic verb expressing that someone has something or that something exists.,I have class in the morning.,verb;possession;existence;basics,
FC026,palabra,radicales,子,zǐ,hijo / niño (como carácter o componente),Aporta la idea de «hijo» o «niño». En el habla diaria son más comunes 儿子 y 孩子.,好,hǎo,bien,10,caracter;familia,child (as character or component),"Carries the idea of “son” or “child”. In everyday speech, 儿子 and 孩子 are more common.",well,character;family,
FC027,palabra,caracteres,汉字,hànzì,carácter chino,Nombre general de los caracteres empleados para escribir chino.,我学习汉字。,Wǒ xuéxí hànzì.,Estudio los caracteres chinos.,1-3,escritura;caracter;basico,Chinese character,The general name for the characters used to write Chinese.,I study Chinese characters.,writing;character;basics,
FC028,palabra,saludos,好,hǎo,bien / bueno,Adjetivo básico con sentido positivo.,很好,hěn hǎo,muy bien,4-5;10;13,basico;saludo,good / fine,Basic adjective with a positive meaning.,very good,basics;greeting,
FC029,frase,saludos,你好！,Nǐ hǎo!,¡Hola!,Saludo básico dirigido a una persona.,你好！,Nǐ hǎo!,¡Hola!,5;9,saludo;basico,Hello!,Basic greeting addressed to one person.,Hello!,greeting;basics,
FC030,palabra,gramatica,吗,ma,partícula interrogativa para preguntas de sí o no,Se coloca al final de una oración afirmativa para convertirla en una pregunta cerrada.,你是学生吗？,Nǐ shì xuésheng ma?,¿Eres estudiante?,3-5;10,particula;pregunta,question particle for yes/no questions,It is placed at the end of an affirmative sentence to turn it into a closed question.,Are you a student?,particle;question,
FC031,frase,saludos,你好吗？,Nǐ hǎo ma?,¿Estás bien?,Pregunta por el bienestar. Como saludo puede sonar de manual; 你最近怎么样？ es más natural.,你好吗？我很好。,Nǐ hǎo ma? Wǒ hěn hǎo.,¿Estás bien? Estoy muy bien.,3-5,saludo;pregunta,How are you?,Asks about someone’s well-being. As a greeting it can sound textbook; 你最近怎么样 is more natural.,How are you? I’m very well.,greeting;question,
FC032,palabra,saludos,怎么样,zěnmeyàng,cómo / qué tal,Pregunta por el estado o la opinión sobre alguien o algo.,您怎么样？,Nín zěnmeyàng?,¿Qué tal está usted?,3-5;15,pregunta;saludo,how / how about,Asks about someone’s state or their opinion about someone or something.,How are you?,question;greeting,
FC033,frase,saludos,你们怎么样？,Nǐmen zěnmeyàng?,¿Qué tal estáis? / ¿Cómo están ustedes?,Pregunta por el estado de varias personas.,你们怎么样？,Nǐmen zěnmeyàng?,¿Cómo estáis?,3-5,saludo;plural,How are you all?,Asks about the state of several people.,How are you all?,greeting;plural,
FC034,palabra,descripcion,很,hěn,muy,Va entre el sujeto y el adjetivo. A menudo no se traduce literalmente como «muy».,我很好。,Wǒ hěn hǎo.,Estoy muy bien.,3-5,adverbio;grado,very,Goes between the subject and an adjective; it is often not translated literally as “very”.,I am very well.,adverb;degree,
FC035,frase,descripcion,很好,hěn hǎo,muy bien,Respuesta positiva al preguntar cómo está alguien.,我很好。,Wǒ hěn hǎo.,Estoy muy bien.,3-5,estado;saludo,very good,Positive reply when asked how someone is.,I am very well.,state;greeting,
FC036,palabra,gramatica,不,bù,no,Adverbio de negación que se coloca antes de un verbo o adjetivo.,不好,bù hǎo,mal / no estar bien,4,negacion;basico,not,Negation placed before a verb or adjective.,not well,negation;basics,
FC037,frase,descripcion,不好,bù hǎo,mal / no estar bien,Valoración o estado negativo.,我最近不太好。,Wǒ zuìjìn bú tài hǎo.,Últimamente no estoy muy bien.,4-5,estado;negacion,bad / not well,Negative rating or state.,I haven’t been doing very well lately.,state;negation,
FC038,palabra,descripcion,一般,yìbān,normal / corriente / del montón,Describe algo normal o poco destacable. También puede significar «por lo general».,这家餐厅很一般。,Zhè jiā cāntīng hěn yìbān.,Este restaurante es del montón.,4,descripcion;valoracion,ordinary / so-so / average,Describes something average or unremarkable; it can also mean “generally”.,This restaurant is just average.,description;rating,
FC039,frase,saludos,您最近怎么样？,Nín zuìjìn zěnmeyàng?,¿Cómo está usted últimamente?,Versión respetuosa de la pregunta por cómo le va a alguien últimamente.,您最近怎么样？,Nín zuìjìn zěnmeyàng?,¿Cómo está usted últimamente?,3-4,saludo;formal,How have you been lately?,Respectful version of asking how someone has been lately.,How have you been lately?,greeting;formal,
FC040,frase,saludos,我很好。,Wǒ hěn hǎo.,Estoy muy bien.,Respuesta positiva sobre el propio estado.,您最近怎么样？我很好。,Nín zuìjìn zěnmeyàng? Wǒ hěn hǎo.,¿Cómo está usted últimamente? Estoy muy bien.,3-5,respuesta;saludo,I am very well.,Positive reply about your own state.,How have you been lately? I’m doing very well.,response;greeting,
FC041,frase,saludos,你们好吗？,Nǐmen hǎo ma?,¿Estáis bien? / ¿Están bien ustedes?,Pregunta cerrada dirigida a varias personas.,我们还行。,Wǒmen hái xíng.,Estamos bastante bien.,4;9,pregunta;plural,Are you all well?,Closed question addressed to several people.,We are doing all right.,question;plural,
FC042,frase,saludos,我们还行。,Wǒmen hái xíng.,Estamos bastante bien. / Vamos tirando.,Respuesta coloquial y moderadamente positiva sobre el estado de un grupo.,你们最近怎么样？我们还行。,Nǐmen zuìjìn zěnmeyàng? Wǒmen hái xíng.,¿Cómo estáis últimamente? Estamos bastante bien.,4,respuesta;plural,We are doing all right.,Colloquial and moderately positive reply about a group’s state.,How have you all been lately? We’re doing all right.,response;plural,
FC043,palabra,gramatica,呢,ne,¿y…? / partícula que retoma la pregunta,"Después de un tema, devuelve la misma pregunta: «¿y tú?», «¿y él?».",你呢？,Nǐ ne?,¿Y tú?,6;15,particula;pregunta,what about…? / and-you particle,"After a topic, it returns the same question: “and you?”, “and him?”.",And you?,particle;question,
FC044,frase,saludos,你呢？,Nǐ ne?,¿Y tú?,Pregunta el mismo dato sobre la otra persona sin repetir toda la oración.,我很好，你呢？,"Wǒ hěn hǎo, nǐ ne?","Estoy muy bien, ¿y tú?",6;15,pregunta;conversacion,What about you?,Asks the same point about the other person without repeating the whole sentence.,"I’m very well, and you?",question;conversation,
FC045,palabra,basico,大,dà,grande,Adjetivo básico; forma parte de 大家.,大家,dàjiā,todos / todo el mundo,5-6;15,adjetivo;caracter,big / large,Basic adjective; part of 大家.,everyone / everybody,adjective;character,
FC046,palabra,basico,家,jiā,casa / familia / hogar,"Según el contexto, puede referirse al lugar donde se vive, al hogar o a la familia; también forma parte de 大家.",我家,wǒ jiā,mi casa / mi familia,6;15,sustantivo;familia;basico,home / family / household,"Depending on context it can mean the place where one lives, the home, or the family; it is also part of 大家.",my home / my family,noun;family;basics,
FC047,palabra,pronombres,大家,dàjiā,todos / todo el mundo,Pronombre colectivo para un grupo de personas; no equivale a «todos» delante de cualquier sustantivo.,大家好！,Dàjiā hǎo!,¡Hola a todos!,6;9;15,plural;saludo,everyone / everybody,Collective pronoun for a group of people; it does not equal “every” before just any noun.,Hello everyone!,plural;greeting,
FC048,palabra,gramatica,也,yě,también,Adverbio que suele colocarse antes del verbo o predicado.,我也很好。,Wǒ yě hěn hǎo.,Yo también estoy muy bien.,6;15,adverbio;basico,also / too,Adverb that usually goes before the verb or predicate.,I am also very well.,adverb;basics,
FC049,concepto,puntuacion,标点符号,biāodiǎn fúhào,¿Qué signos se usan para puntuar en chino?,"Se usan ， 。 ！ y ？, sin signos de apertura.",你好！你好吗？,Nǐ hǎo! Nǐ hǎo ma?,¡Hola! ¿Estás bien?,5,puntuacion;escritura,Which marks are used to punctuate Chinese?,"，, 。, ！ and ？ are used, without opening marks.",Hello! How are you?,punctuation;writing,
FC050,concepto,cultura,送礼禁忌,sònglǐ jìnjì,¿Por qué conviene conocer las costumbres chinas al elegir un regalo?,Algunos regalos se evitan por su sonido o sus asociaciones culturales; no son reglas universales.,送礼,sònglǐ,hacer un regalo,5,cultura;regalos,Why is it worth knowing Chinese customs when choosing a gift?,Some gifts are avoided for their sound or cultural associations; these are not universal rules.,giving a gift,culture;gifts,
FC051,concepto,cultura,钟／送钟,zhōng / sòng zhōng,¿Por qué algunas personas evitan regalar relojes?,Porque 送钟 («regalar un reloj») suena igual que una expresión relacionada con la muerte.,别送钟。,Bié sòng zhōng.,No regales un reloj.,5,cultura;regalos;homofono,Why do some people avoid giving clocks?,Because 送钟 (“giving a clock”) sounds like an expression related to death.,Don’t give a clock.,culture;gifts;homophone,
FC052,concepto,cultura,伞／散,sǎn / sàn,¿Por qué algunas personas evitan regalar paraguas?,Porque 伞 («paraguas») suena parecido a 散 («separarse»).,送伞,sòng sǎn,regalar un paraguas,5,cultura;regalos;homofono,Why do some people avoid giving umbrellas?,Because 伞 (“umbrella”) sounds similar to 散 (“to part”).,giving an umbrella,culture;gifts;homophone,
FC053,concepto,cultura,梨／离,lí / lí,¿Por qué algunas personas evitan regalar peras?,"Porque 梨, «pera», suena igual que 离, «separarse» o «alejarse».",送梨,sòng lí,regalar una pera,5,cultura;regalos;homofono,Why do some people avoid giving pears?,"Because 梨, “pear”, sounds like 离, “to part” or “to go away”.",giving a pear,culture;gifts;homophone,
FC054,concepto,cultura,鞋／邪,xié / xié,¿Por qué algunas personas evitan regalar zapatos?,Porque 鞋 («zapatos») suena parecido a 邪 («maligno»).,送鞋,sòng xié,regalar zapatos,5,cultura;regalos;homofono,Why do some people avoid giving shoes?,Because 鞋 (“shoes”) sounds similar to 邪 (“evil”).,giving shoes,culture;gifts;homophone,
FC055,concepto,cultura,绿帽子,lǜ màozi,¿Por qué se considera inapropiado regalar un sombrero verde?,"Porque 戴绿帽子, «llevar un sombrero verde», significa que la pareja de un hombre le ha sido infiel.",戴绿帽子,dài lǜ màozi,ser víctima de una infidelidad,5,cultura;regalos;expresion,Why is giving a green hat considered inappropriate?,"Because 戴绿帽子, “to wear a green hat”, means that a man’s partner has been unfaithful to him.",to be on the receiving end of unfaithfulness,culture;gifts;expression,
FC056,palabra,familia,爸爸,bàba,papá / padre (forma habitual),Forma familiar y cotidiana de referirse al padre.,我爸爸,wǒ bàba,mi padre,7;9;11,familia,dad / father (usual form),"The familiar, everyday way to refer to one’s father.",my father,family,
FC057,palabra,familia,妈妈,māma,mamá / madre (forma habitual),Forma familiar y cotidiana de referirse a la madre.,我妈妈,wǒ māma,mi madre,7;9,familia,mom / mother (usual form),"The familiar, everyday way to refer to one’s mother.",my mother,family,
FC058,palabra,familia,爷爷,yéye,abuelo paterno,Padre del padre.,我爷爷,wǒ yéye,mi abuelo paterno,7;12,familia,paternal grandfather,One’s father’s father.,my paternal grandfather,family,
FC059,palabra,familia,奶奶,nǎinai,abuela paterna,Madre del padre.,我奶奶,wǒ nǎinai,mi abuela paterna,7;12,familia,paternal grandmother,One’s father’s mother.,my paternal grandmother,family,
FC060,palabra,familia,外公,wàigōng,abuelo materno,Abuelo por parte de madre. 外 señala la rama materna; el término varía según la región.,外公,wàigōng,abuelo materno,7,familia,maternal grandfather,One’s mother’s father. 外 marks the maternal side; the term varies by region.,maternal grandfather,family,
FC061,palabra,familia,外婆,wàipó,abuela materna,Abuela por parte de madre. 外 señala la rama materna; el término varía según la región.,外婆,wàipó,abuela materna,7,familia,maternal grandmother,One’s mother’s mother. 外 marks the maternal side; the term varies by region.,maternal grandmother,family,
FC062,palabra,gramatica,的,de,de / partícula posesiva o atributiva,Une el poseedor y lo poseído: A 的 B = «el B de A».,我的妈妈,wǒ de māma,mi madre,7;11-12,particula;posesion,of / possessive or attributive particle,Connects the possessor and the possessed: A 的 B means “the B of A”.,my mother,particle;possession,
FC063,concepto,gramatica,亲属称谓前常省略“的”,qīnshǔ chēngwèi qián cháng shěnglüè de,¿Cuándo suele omitirse 的 ante un término de parentesco?,Con familiares cercanos suele omitirse: 我妈妈 es más natural que 我的妈妈.,我的妈妈 → 我妈妈,wǒ de māma → wǒ māma,mi madre,7,posesion;familia,When is 的 usually dropped before a kinship term?,With close relatives it is often dropped: 我妈妈 is more natural than 我的妈妈.,my mother,possession;family,
FC064,frase,familia,我的妈妈,wǒ de māma,"mi madre (forma posesiva explícita, con énfasis o contraste)","Forma con 的, usada especialmente con contraste o énfasis; en una mención neutra suele decirse 我妈妈.",这是我的妈妈。,Zhè shì wǒ de māma.,Esta es mi madre.,7;9,familia;posesion,"my mother (explicit possessive form, with emphasis or contrast)","The form with 的, used especially for contrast or emphasis; in a neutral mention 我妈妈 is more common.",This is my mother.,family;possession,
FC065,frase,familia,我妈妈,wǒ māma,"mi madre (forma familiar habitual, sin partícula)",Forma habitual que omite 的 por tratarse de una relación cercana.,我妈妈姓徐。,Wǒ māma xìng Xú.,Mi madre se apellida Xu.,7;9,familia;posesion,"my mother (usual familiar form, without the particle)",The ordinary form that drops 的 because the relation is close.,My mother’s surname is Xu.,family;possession,徐;Xú;Xu
FC066,palabra,paises,中国,Zhōngguó,China,Nombre del país.,中国,Zhōngguó,China,7,pais,China,The name of the country.,China,country,中国;Zhōngguó;China
FC067,palabra,paises,日本,Rìběn,Japón,Nombre del país.,日本,Rìběn,Japón,7,pais,Japan,The name of the country.,Japan,country,日本;Rìběn;Japón
FC068,palabra,paises,韩国,Hánguó,Corea del Sur,Nombre habitual de Corea del Sur en mandarín.,韩国,Hánguó,Corea del Sur,7,pais,South Korea,Common Mandarin name for South Korea.,South Korea,country,韩国;Hánguó;Corea del Sur
FC069,palabra,nombres,叫,jiào,llamarse / llamar,Se usa para decir el nombre completo o el nombre por el que se conoce a alguien.,我叫小明。,Wǒ jiào Xiǎomíng.,Me llamo Xiaoming.,8-12,verbo;presentacion,to be called / to name,Used to say someone’s full name or the name by which they are known.,My name is Xiaoming.,verb;introduction,小明;Xiǎomíng;Xiaoming
FC070,palabra,nombres,姓,xìng,apellidarse / apellido,"Como verbo, indica el apellido de una persona.",他姓吴。,Tā xìng Wú.,Él se apellida Wu.,8-14,verbo;apellido,to be surnamed / surname,"As a verb, it indicates a person’s family name.",His surname is Wu.,verb;surname,吴;Wú;Wu
FC071,palabra,nombres,名字,míngzi,nombre,Se refiere al nombre de una persona; según el contexto puede abarcar el nombre completo.,你叫什么名字？,Nǐ jiào shénme míngzi?,¿Cómo te llamas?,8-11,sustantivo;presentacion,name,Refers to a person’s name; depending on context it can cover the full name.,What is your name?,noun;introduction,
FC072,palabra,basico,是,shì,ser,Verbo copulativo usado para identificar o clasificar; no suele conectar un sujeto con un adjetivo simple.,我是José。,Wǒ shì José.,Soy José.,8-9;14,verbo;basico,to be,Copular verb used to identify or classify; usually not used to link a subject to a simple adjective.,I am José.,verb;basics,José
FC073,concepto,nombres,姓＋名,xìng + míng,¿En qué orden van el apellido y el nombre en chino?,El apellido (姓) suele escribirse antes del nombre de pila (名).,张欣,Zhāng Xīn,Zhang es el apellido y Xin el nombre.,10-11,nombre;apellido,In what order do surname and given name go in Chinese?,The surname (姓) usually comes before the given name (名).,Zhang is the surname and Xin the given name.,name;surname,张欣;张;欣;Zhāng Xīn;Zhāng;Xīn;Zhang Xin;Zhang;Xin
FC074,concepto,nombres,姓通常是一个汉字,xìng tōngcháng shì yí ge hànzì,¿Cuántos caracteres suele tener un apellido chino?,"La mayoría tiene un solo carácter, aunque también existen apellidos compuestos.",吴、刘、孙,"Wú, Liú, Sūn",Apellidos de un carácter.,10-14,apellido;caracter,How many characters does a Chinese surname usually have?,"Most have a single character, though compound surnames also exist.",Surnames of one character.,surname;character,吴;刘;孙;Wú;Liú;Sūn
FC075,concepto,nombres,名通常由一到两个汉字组成,míng tōngcháng yóu yí dào liǎng ge hànzì zǔchéng,¿Cuántos caracteres suele tener un nombre de pila chino?,Suele tener uno o dos caracteres elegidos por su sonido y significado.,欣／小明,Xīn / Xiǎomíng,Ejemplos de nombres de pila de uno y dos caracteres.,10-12,nombre;caracter,How many characters does a Chinese given name usually have?,It usually has one or two characters chosen for their sound and meaning.,Examples of one-and-two-character given names.,name;character,欣;小明;Xīn;Xiǎomíng
FC076,frase,nombres,我的名字叫Jan。,Wǒ de míngzi jiào Jan.,Me llamo Jan.,Patrón 我的名字叫 + nombre; en la conversación cotidiana suele bastar con 我叫 + nombre.,我的名字叫Jan。,Wǒ de míngzi jiào Jan.,Me llamo Jan.,8,presentacion;patron,My name is Jan.,Pattern 我的名字叫 + name; in everyday conversation 我叫 + name is usually enough.,My name is Jan.,introduction;pattern,Jan
FC077,frase,nombres,我叫小明。,Wǒ jiào Xiǎomíng.,Me llamo Xiaoming.,Patrón 我叫 + nombre.,我叫小明。,Wǒ jiào Xiǎomíng.,Me llamo Xiaoming.,8,presentacion;patron,My name is Xiaoming.,Pattern 我叫 + name.,My name is Xiaoming.,introduction;pattern,小明;Xiǎomíng;Xiaoming
FC078,frase,nombres,他姓吴。,Tā xìng Wú.,Él se apellida Wu.,Patrón sujeto + 姓 + apellido.,他姓吴。,Tā xìng Wú.,Él se apellida Wu.,8,apellido;patron,His surname is Wu.,Pattern subject + 姓 + surname.,His surname is Wu.,surname;pattern,吴;Wú;Wu
FC079,frase,presentaciones,大家好！我叫Dani。,Dàjiā hǎo! Wǒ jiào Dani.,¡Hola a todos! Me llamo Dani.,Presentación breve y natural ante un grupo.,大家好！我叫Dani。,Dàjiā hǎo! Wǒ jiào Dani.,¡Hola a todos! Me llamo Dani.,9,deberes;presentacion,Hello everyone! My name is Dani.,"Short, natural introduction in front of a group.",Hello everyone! My name is Dani.,homework;introduction,Dani
FC080,frase,presentaciones,我姓García，叫Carla。,"Wǒ xìng García, jiào Carla.",Me apellido García y me llamo Carla.,Combina 姓 para el apellido y 叫 para el nombre.,我姓García，叫Carla。,"Wǒ xìng García, jiào Carla.",Me apellido García y me llamo Carla.,9,deberes;apellido;nombre,My surname is García and my given name is Carla.,Combines 姓 for the surname and 叫 for the given name.,My surname is García and my given name is Carla.,homework;surname;name,García;Carla
FC081,frase,presentaciones,大家好！你们最近怎么样？,Dàjiā hǎo! Nǐmen zuìjìn zěnmeyàng?,¡Hola a todos! ¿Cómo estáis últimamente?,Saludo y pregunta natural a varias personas.,大家好！你们最近怎么样？,Dàjiā hǎo! Nǐmen zuìjìn zěnmeyàng?,¡Hola a todos! ¿Cómo estáis últimamente?,9,deberes;saludo,Hello everyone! How have you all been lately?,Natural greeting and question to several people.,Hello everyone! How have you all been lately?,homework;greeting,
FC082,frase,presentaciones,你好，我是José，她是Fátima。,"Nǐ hǎo, wǒ shì José, tā shì Fátima.","Hola, soy José y ella es Fátima.",Presenta al hablante y a otra persona.,你好，我是José，她是Fátima。,"Nǐ hǎo, wǒ shì José, tā shì Fátima.","Hola, soy José y ella es Fátima.",9,deberes;presentacion,"Hello, I’m José and this is Fátima.",Introduces the speaker and another person.,"Hello, I’m José and she is Fátima.",homework;introduction,José;Fátima
FC083,frase,presentaciones,你好，我叫Manuel，我爸爸叫Pablo。,"Nǐ hǎo, wǒ jiào Manuel, wǒ bàba jiào Pablo.","Hola, me llamo Manuel y mi padre se llama Pablo.",Ejemplo natural de presentación personal y familiar.,你好，我叫Manuel，我爸爸叫Pablo。,"Nǐ hǎo, wǒ jiào Manuel, wǒ bàba jiào Pablo.","Hola, me llamo Manuel y mi padre se llama Pablo.",9,deberes;familia,"Hello, my name is Manuel and my father is called Pablo.",Natural example of a personal and family introduction.,"Hello, my name is Manuel and my father is called Pablo.",homework;family,Manuel;Pablo
FC084,frase,presentaciones,我妈妈姓徐，我姓刘。,"Wǒ māma xìng Xú, wǒ xìng Liú.",Mi madre se apellida Xu y yo me apellido Liu.,Ejemplo que contrasta dos apellidos familiares.,我妈妈姓徐，我姓刘。,"Wǒ māma xìng Xú, wǒ xìng Liú.",Mi madre se apellida Xu y yo me apellido Liu.,9,deberes;familia;apellido,My mother’s surname is Xu and mine is Liu.,Example contrasting two family surnames.,My mother’s surname is Xu and my surname is Liu.,homework;family;surname,徐;刘;Xú;Liú;Xu;Liu
FC085,palabra,nombres,陆,lù / Lù,tierra firme (en compuestos) / apellido Lu,Significa «tierra firme» en algunos compuestos y también es el apellido Lù.,陆,Lù,apellido Lu,11,caracter;apellido,dry land (in compounds) / surname Lu,It means “dry land” in some compounds and is also the surname Lù.,surname Lu,character;surname,陆;Lù;Lu
FC086,frase,presentaciones,你好，我叫张欣。,"Nǐ hǎo, wǒ jiào Zhāng Xīn.","Hola, me llamo Zhang Xin.",Ejemplo de nombre chino con el apellido antes del nombre.,你好，我叫张欣。,"Nǐ hǎo, wǒ jiào Zhāng Xīn.","Hola, me llamo Zhang Xin.",11,presentacion;nombre,"Hello, my name is Zhang Xin.",Example of a Chinese name with the surname before the given name.,"Hello, my name is Zhang Xin.",introduction;name,张欣;Zhāng Xīn;Zhang Xin
FC087,frase,familia,我爸爸姓刘。,Wǒ bàba xìng Liú.,Mi padre se apellida Liu.,Patrón familiar natural sin 的 + 姓 + apellido.,我爸爸姓刘。,Wǒ bàba xìng Liú.,Mi padre se apellida Liu.,11,familia;apellido,My father’s surname is Liu.,Natural family pattern without 的 + 姓 + surname.,My father’s surname is Liu.,family;surname,刘;Liú;Liu
FC088,palabra,preguntas,什么,shénme,qué,Interrogativo para «qué» o «cuál»; ocupa el lugar de la información desconocida.,你叫什么名字？,Nǐ jiào shénme míngzi?,¿Cómo te llamas?,11-12,interrogativo;pregunta_abierta,what,Interrogative for “what” or “which”; it sits in the place of the unknown information.,What is your name?,interrogative;open_question,
FC089,palabra,preguntas,谁,shuí / shéi,quién,Interrogativo para personas; ambas pronunciaciones son habituales.,谁叫王泽？,Shéi jiào Wáng Zé?,¿Quién se llama Wang Ze?,11-14,interrogativo;pregunta_abierta,who,Interrogative for people; both pronunciations are common.,Who is called Wang Ze?,interrogative;open_question,王泽;Wáng Zé;Wang Ze
FC090,concepto,preguntas,疑问词原位,yíwèncí yuánwèi,¿Dónde se coloca el interrogativo en una pregunta abierta en chino?,"Ocupa la misma posición que tendría la información desconocida, sin cambiar el orden básico de la frase.",我爸爸叫张华。→ 谁叫张华？,Wǒ bàba jiào Zhāng Huá. → Shéi jiào Zhāng Huá?,Mi padre se llama Zhang Hua. → ¿Quién se llama Zhang Hua?,11,gramatica;pregunta_abierta,Where is an interrogative placed in a Chinese open question?,"It occupies the same position the unknown information would have, without changing the basic word order.",My father is called Zhang Hua. → Who is called Zhang Hua?,grammar;open_question,张华;Zhāng Huá;Zhang Hua
FC091,frase,preguntas,我爸爸叫张华。,Wǒ bàba jiào Zhāng Huá.,Mi padre se llama Zhang Hua.,Oración afirmativa que sirve como base para dos preguntas abiertas.,我爸爸叫什么名字？,Wǒ bàba jiào shénme míngzi?,¿Cómo se llama mi padre?,11,familia;nombre,My father is called Zhang Hua.,Affirmative sentence that serves as the base for two open questions.,What is my father’s name?,family;name,张华;Zhāng Huá;Zhang Hua
FC092,frase,preguntas,谁叫张华？,Shéi jiào Zhāng Huá?,¿Quién se llama Zhang Hua?,谁 reemplaza a la persona desconocida que ocupa la posición de sujeto.,我爸爸叫张华。,Wǒ bàba jiào Zhāng Huá.,Mi padre se llama Zhang Hua.,11,interrogativo;quien,Who is called Zhang Hua?,谁 replaces the unknown person who takes the subject position.,My father is called Zhang Hua.,interrogative;who,张华;Zhāng Huá;Zhang Hua
FC093,frase,preguntas,我爸爸叫什么名字？,Wǒ bàba jiào shénme míngzi?,¿Cómo se llama mi padre?,什么名字 sustituye el nombre desconocido después de 叫.,我爸爸叫张华。,Wǒ bàba jiào Zhāng Huá.,Mi padre se llama Zhang Hua.,11,interrogativo;que,What is my father’s name?,什么名字 substitutes the unknown name after 叫.,My father is called Zhang Hua.,interrogative;what,张华;Zhāng Huá;Zhang Hua
FC094,frase,preguntas,这是他的名字。,Zhè shì tā de míngzi.,Este es su nombre.,Oración afirmativa con posesión y 名字.,这是谁的名字？,Zhè shì shéi de míngzi?,¿De quién es este nombre?,11,posesion;nombre,This is his name.,Affirmative sentence with possession and 名字.,Whose name is this?,possession;name,
FC095,frase,preguntas,这是谁的名字？,Zhè shì shéi de míngzi?,¿De quién es este nombre?,谁的 significa «de quién» o «cuyo».,这是他的名字。,Zhè shì tā de míngzi.,Este es su nombre.,11,interrogativo;posesion,Whose name is this?,谁的 means “whose” or “of whom”.,This is his name.,interrogative;possession,
FC096,frase,preguntas,我奶奶姓沈。,Wǒ nǎinai xìng Shěn.,Mi abuela paterna se apellida Shen.,Afirmación usada como base de una pregunta con 什么.,我奶奶姓什么？,Wǒ nǎinai xìng shénme?,¿Cómo se apellida mi abuela paterna?,12,familia;apellido,My paternal grandmother’s surname is Shen.,Affirmative sentence used as the base of a question with 什么.,What is my paternal grandmother’s surname?,family;surname,沈;Shěn;Shen
FC097,frase,preguntas,我奶奶姓什么？,Wǒ nǎinai xìng shénme?,¿Cómo se apellida mi abuela paterna?,什么 sustituye el apellido desconocido.,我奶奶姓沈。,Wǒ nǎinai xìng Shěn.,Mi abuela paterna se apellida Shen.,12,interrogativo;apellido,What is my paternal grandmother’s surname?,什么 replaces the unknown surname.,My paternal grandmother’s surname is Shen.,interrogative;surname,沈;Shěn;Shen
FC098,frase,preguntas,你爷爷叫王泽。,Nǐ yéye jiào Wáng Zé.,Tu abuelo paterno se llama Wang Ze.,Afirmación usada como base de una pregunta con 谁.,谁叫王泽？,Shéi jiào Wáng Zé?,¿Quién se llama Wang Ze?,12,familia;nombre,Your paternal grandfather is called Wang Ze.,Affirmative sentence used as the base of a question with 谁.,Who is called Wang Ze?,family;name,王泽;Wáng Zé;Wang Ze
FC099,frase,preguntas,谁叫王泽？,Shéi jiào Wáng Zé?,¿Quién se llama Wang Ze?,谁 reemplaza al sujeto desconocido.,你爷爷叫王泽。,Nǐ yéye jiào Wáng Zé.,Tu abuelo paterno se llama Wang Ze.,12,interrogativo;quien,Who is called Wang Ze?,谁 replaces the unknown subject.,Your paternal grandfather is called Wang Ze.,interrogative;who,王泽;Wáng Zé;Wang Ze
FC100,frase,preguntas,您叫什么名字？,Nín jiào shénme míngzi?,¿Cómo se llama usted?,Pregunta respetuosa por el nombre mediante el tratamiento 您.,我叫Dani。,Wǒ jiào Dani.,Me llamo Dani.,12,formal;nombre,What is your name? (polite),Polite question about the name using the treatment 您.,My name is Dani.,formal;name,Dani
FC101,frase,preguntas,谁叫王强？,Shéi jiào Wáng Qiáng?,¿Quién se llama Wang Qiang?,Pregunta abierta por la persona que tiene ese nombre.,我叫王强。,Wǒ jiào Wáng Qiáng.,Me llamo Wang Qiang.,12,interrogativo;nombre,Who is called Wang Qiang?,Open question asking about the person with that name.,My name is Wang Qiang.,interrogative;name,王强;Wáng Qiáng;Wang Qiang
FC102,frase,preguntas,我爷爷叫王强。,Wǒ yéye jiào Wáng Qiáng.,Mi abuelo paterno se llama Wang Qiang.,Afirmación sobre el nombre del abuelo paterno.,你爷爷叫什么名字？,Nǐ yéye jiào shénme míngzi?,¿Cómo se llama tu abuelo paterno?,12,familia;nombre,My paternal grandfather is called Wang Qiang.,Affirmative sentence about the paternal grandfather’s name.,What is your paternal grandfather’s name?,family;name,王强;Wáng Qiáng;Wang Qiang
FC103,palabra,tiempo,上,shàng,arriba / encima / anterior,Componente de 上午 y 早上.,上午,shàngwǔ,por la mañana,13,direccion;caracter,above / up / previous,Component of 上午 and 早上.,in the morning,direction;character,
FC104,palabra,tiempo,下,xià,abajo / debajo / siguiente,Componente de 下午.,下午,xiàwǔ,por la tarde,13,direccion;caracter,below / down / next,Component of 下午.,in the afternoon,direction;character,
FC105,palabra,tiempo,午,wǔ,mediodía (carácter usado en compuestos),"No suele usarse solo con el sentido cotidiano de «mediodía»; aparece en palabras como 上午, 中午 y 下午.",中午,zhōngwǔ,al mediodía,13,tiempo;caracter,noon (character used in compounds),"Not usually used alone with the everyday sense of “noon”; it appears in words like 上午, 中午, and 下午.",at noon,time;character,
FC106,palabra,tiempo,早上,zǎoshang,por la mañana (desde temprano),La mañana desde temprano hasta antes del mediodía; no marca horas exactas.,早上好！,Zǎoshang hǎo!,¡Buenos días!,13-14,tiempo;saludo,morning (from early on),The morning from early until before noon; it does not mark exact hours.,Good morning!,time;greeting,
FC107,palabra,tiempo,上午,shàngwǔ,por la mañana (periodo anterior al mediodía),"Periodo anterior al mediodía, útil al situar actividades u horarios.",我上午有课。,Wǒ shàngwǔ yǒu kè.,Tengo clase por la mañana.,13,tiempo,morning (period before noon),"The period before noon, useful when placing activities or schedules.",I have class in the morning.,time,
FC108,palabra,tiempo,中午,zhōngwǔ,al mediodía,Periodo alrededor del mediodía; no tiene límites horarios exactos.,我们中午见。,Wǒmen zhōngwǔ jiàn.,Nos vemos al mediodía.,13,tiempo,noon / midday,The period around noon; it has no exact hour limits.,See you at noon.,time,
FC109,palabra,tiempo,下午,xiàwǔ,por la tarde,Periodo posterior al mediodía y anterior a la noche; no tiene límites horarios exactos.,下午好！,Xiàwǔ hǎo!,¡Buenas tardes!,13,tiempo;saludo,afternoon,The period after noon and before evening; it has no exact hour limits.,Good afternoon!,time;greeting,
FC110,palabra,tiempo,晚上,wǎnshang,por la noche,Periodo desde el anochecer hasta antes de dormir; no tiene límites horarios exactos.,晚上好！,Wǎnshang hǎo!,¡Buenas noches!,13-14,tiempo;saludo,evening / night,The period from dusk until before going to sleep; it has no exact hour limits.,Good evening!,time;greeting,
FC111,palabra,tiempo,凌晨,língchén,de madrugada,Periodo entre la medianoche y el amanecer; no tiene límites horarios exactos.,凌晨,língchén,de madrugada,13,tiempo,early hours / before dawn,The period between midnight and dawn; it has no exact hour limits.,early hours,time,
FC112,concepto,saludos,时间段＋好,shíjiānduàn + hǎo,¿Qué saludos con 好 se forman con una parte del día?,"Los más habituales son 早上好, 下午好 y 晚上好. También puede usarse simplemente 你好.",下午好！,Xiàwǔ hǎo!,¡Buenas tardes!,13,patron;saludo,Which greetings with 好 are formed with a time of day?,"The most common are 早上好, 下午好, and 晚上好. Plain 你好 may also be used.",Good afternoon!,pattern;greeting,
FC113,frase,saludos,早上好！,Zǎoshang hǎo!,¡Buenos días! (saludo explícito de la mañana),Saludo explícito de la mañana.,早上好，我是王芳。,"Zǎoshang hǎo, wǒ shì Wáng Fāng.","Buenos días, soy Wang Fang.",13-14,saludo;manana,Good morning! (explicit morning greeting),Explicit morning greeting.,"Good morning, I’m Wang Fang.",greeting;morning,王芳;Wáng Fāng;Wang Fang
FC114,frase,saludos,下午好！,Xiàwǔ hǎo!,¡Buenas tardes! (saludo general de la tarde),Saludo explícito de la tarde.,下午好！,Xiàwǔ hǎo!,¡Buenas tardes!,13,saludo;tarde,Good afternoon! (general afternoon greeting),Explicit afternoon greeting.,Good afternoon!,greeting;afternoon,
FC115,frase,saludos,早安！,Zǎo'ān!,¡Buenos días! (forma breve),Saludo breve y habitual en Taiwán o por escrito. En China continental suele preferirse 早上好.,早安！,Zǎo'ān!,¡Buenos días!,13-14,saludo;manana,Good morning! (short form),"Short greeting common in Taiwan or in writing. In mainland China, 早上好 is usually preferred.",Good morning!,greeting;morning,Taiwán;Taiwan;China
FC116,frase,saludos,午安！,Wǔ'ān!,¡Buenas tardes! (forma regional o formal),Saludo regional o formal del mediodía o la tarde; es poco habitual en China continental.,午安！,Wǔ'ān!,¡Buenas tardes!,13,saludo;tarde,Good afternoon / good day (regional or formal),Regional or formal greeting for midday or afternoon; uncommon in mainland China.,Good afternoon!,greeting;afternoon,China
FC117,frase,saludos,晚安！,Wǎn'ān!,¡Buenas noches! (despedida),"Se usa principalmente al despedirse por la noche o antes de dormir, no como saludo inicial general.",晚安！,Wǎn'ān!,¡Buenas noches!,13,saludo;despedida,Good night! (farewell),"Used mainly when saying goodbye at night or before going to sleep, not as a general opening greeting.",Good night!,greeting;farewell,
FC118,frase,saludos,再见！,Zàijiàn!,¡Adiós! / ¡Hasta luego!,Despedida estándar.,再见！,Zàijiàn!,¡Hasta luego!,14,despedida,Goodbye! / See you later!,Standard farewell.,See you later!,farewell,
FC119,frase,saludos,拜拜！,Bàibài!,¡Chao! / ¡Adiós!,Despedida informal tomada del inglés «bye-bye».,拜拜！,Bàibài!,¡Chao!,14,despedida;informal,Bye! / Bye-bye!,Informal farewell taken from English “bye-bye”.,Bye!,farewell;informal,
FC120,frase,presentaciones,晚上好，您贵姓？,"Wǎnshang hǎo, nín guìxìng?",Buenas noches (saludo). ¿Cuál es su apellido?,Saludo nocturno seguido de la fórmula respetuosa 您贵姓 para preguntar el apellido.,我姓孙。,Wǒ xìng Sūn.,Me apellido Sun.,14,dictado;formal;apellido,Good evening. What is your surname? (polite),Night greeting followed by the polite formula 您贵姓 to ask the surname.,My surname is Sun.,dictation;formal;surname,孙;Sūn;Sun
FC121,frase,presentaciones,我姓孙。,Wǒ xìng Sūn.,Me apellido Sun.,Respuesta con el patrón 我姓 + apellido.,您贵姓？,Nín guìxìng?,¿Cuál es su apellido?,14,dictado;apellido,My surname is Sun.,Reply with the pattern 我姓 + surname.,What is your surname?,dictation;surname,孙;Sūn;Sun
FC122,frase,presentaciones,早上好，谁是王芳？,"Zǎoshang hǎo, shéi shì Wáng Fāng?",Buenos días. ¿Quién es Wang Fang?,Saludo matutino seguido de una pregunta de identificación.,早上好，我是王芳。,"Zǎoshang hǎo, wǒ shì Wáng Fāng.","Buenos días, soy Wang Fang.",14,dictado;identificacion,Good morning. Who is Wang Fang?,Morning greeting followed by an identification question.,"Good morning, I’m Wang Fang.",dictation;identification,王芳;Wáng Fāng;Wang Fang
FC123,frase,presentaciones,早上好，我是王芳。,"Zǎoshang hǎo, wǒ shì Wáng Fāng.","Buenos días, soy Wang Fang.",Respuesta de identificación con 我是 + nombre.,谁是王芳？,Shéi shì Wáng Fāng?,¿Quién es Wang Fang?,14,dictado;presentacion,"Good morning, I’m Wang Fang.",Identification reply with 我是 + name.,Who is Wang Fang?,dictation;introduction,王芳;Wáng Fāng;Wang Fang
FC124,palabra,bebidas,奶,nǎi,leche / lácteo (como componente),Significa «leche» y aparece en 奶茶. Para la leche de vaca se usa 牛奶.,奶茶,nǎichá,té con leche,14,bebida;ingrediente,milk / dairy (as a component),"It means “milk” and appears in 奶茶. For cow’s milk, 牛奶 is used.",milk tea,drink;ingredient,
FC125,palabra,bebidas,茶,chá,té,Sustantivo y componente de 奶茶 y 珍珠奶茶.,奶茶,nǎichá,té con leche,14,bebida;ingrediente,tea,Noun and component of 奶茶 and 珍珠奶茶.,milk tea,drink;ingredient,
FC126,palabra,bebidas,珍珠,zhēnzhū,perla,"En 珍珠奶茶 se refiere a las bolitas de tapioca, similares a perlas.",珍珠奶茶,zhēnzhū nǎichá,té con leche y perlas de tapioca,14,bebida;ingrediente,pearl,"In 珍珠奶茶 it refers to the tapioca balls, similar to pearls.",bubble tea with tapioca pearls,drink;ingredient,
FC127,palabra,bebidas,珍珠奶茶,zhēnzhū nǎichá,té de burbujas / té con leche y tapioca,Literalmente «té con leche de perlas».,我喜欢珍珠奶茶。,Wǒ xǐhuan zhēnzhū nǎichá.,Me gusta el té de burbujas.,14,bebida,bubble tea / milk tea with tapioca,Literally “milk tea with pearls”.,I like bubble tea.,drink,
FC128,concepto,pronunciacion,拼音,pīnyīn,¿Qué es el pinyin?,Sistema que representa la pronunciación del mandarín con letras latinas y tonos.,nǐ hǎo,nǐ hǎo,hola,15,pronunciacion;escritura,What is pinyin?,A system that represents Mandarin pronunciation with Latin letters and tones.,nǐ hǎo,pronunciation;writing,
FC129,concepto,pronunciacion,声调,shēngdiào,¿Por qué son importantes los tonos en mandarín?,Los tonos distinguen palabras. Hay cuatro tonos principales y uno neutro.,mā / má / mǎ / mà / ma,mā / má / mǎ / mà / ma,"Los cuatro tonos principales y el tono neutro, ilustrados con ma.",15,pronunciacion;tono,Why are tones important in Mandarin?,Tones distinguish words. There are four main tones and one neutral tone.,"The four main tones and the neutral tone, illustrated with ma.",pronunciation;tone,
FC130,concepto,pronunciacion,声调符号标在元音上,shēngdiào fúhào biāo zài yuányīn shàng,¿Sobre qué tipo de letra se coloca la marca tonal en pinyin?,Se coloca sobre una vocal; las consonantes nunca llevan marca tonal.,nǐ,nǐ,La marca está sobre la vocal i.,15,pinyin;tono;regla,On what kind of letter is a tone mark placed in pinyin?,It is placed over a vowel; consonants never carry a tone mark.,The mark is on the vowel i.,pinyin;tone;rule,
FC131,concepto,pronunciacion,标调优先顺序：a、o、e,"biāodiào yōuxiān shùnxù: a, o, e",¿Qué vocal lleva la marca tonal si hay varias?,"Se priorizan a, o y e. En iu y ui, la marca va sobre la segunda vocal.",hǎo,hǎo,"En ao, la marca va sobre a.",15,pinyin;tono;regla,Which vowel takes the tone mark when there are several?,"a, o, and e have priority. In iu and ui, the mark goes on the second vowel.","In ao, the mark goes on the a.",pinyin;tone;rule,
FC132,concepto,pronunciacion,iu／ui 标在后一个元音上,iu / ui biāo zài hòu yí ge yuányīn shàng,¿Qué vocal lleva la marca tonal en iu y ui?,"Se coloca sobre la segunda vocal: por ejemplo, liú y guǐ.",留／鬼,liú / guǐ,quedarse / fantasma,15,pinyin;tono;regla,Which vowel takes the tone mark in iu and ui?,"On the second vowel: for example, liú and guǐ.",to stay / ghost,pinyin;tone;rule,
FC133,concepto,pronunciacion,每个音节最多一个声调符号,měi ge yīnjié zuìduō yí ge shēngdiào fúhào,¿Cuántas marcas tonales puede haber por sílaba?,"Solo puede haber una, aunque la sílaba tenga varias vocales.",怎么样,zěnmeyàng,qué tal / cómo,15,pinyin;tono;regla,How many tone marks can there be per syllable?,"Only one, even when the syllable has several vowels.",how about / how,pinyin;tone;rule,
FC134,concepto,pronunciacion,j、q、x 后的 ü 省略两点；零声母时用 y,"j, q, x hòu de ü shěnglüè liǎng diǎn; líng shēngmǔ shí yòng y","¿Cómo se escribe ü con j, q, x o sin consonante inicial?","Con j, q o x pierde los puntos: ju, qu, xu. Sin consonante inicial se escribe con y: yu.",女 → nǚ；去 → qù；雨 → yǔ,nǚ; qù; yǔ,mujer; ir; lluvia,15,pinyin;u_dieresis;regla,"How is ü written after j, q, x, or with no initial?","After j, q, or x it loses its two dots: ju, qu, xu. With no initial it is written with y: yu.",woman; go; rain,pinyin;umlaut;rule,
FC135,frase,basico,加油！,Jiāyóu!,¡Ánimo! / ¡Vamos!,Se usa para animar o apoyar: «¡Ánimo!» o «¡Tú puedes!».,大家加油！,Dàjiā jiāyóu!,¡Ánimo a todos!,—,animo;expresion;basico,Go for it! / Come on!,Used to cheer someone on or encourage them.,"Come on, everyone!",encouragement;expression;basics,
FC136,palabra,preguntas,什么时候,shénme shíhou,cuándo,Interrogativo para preguntar en qué momento ocurre algo; ocupa la posición de la expresión temporal.,你什么时候洗澡？,Nǐ shénme shíhou xǐzǎo?,¿Cuándo te duchas?,—,interrogativo;tiempo;pregunta_abierta,when,Interrogative to ask when something happens; it occupies the position of the time expression.,When do you shower?,interrogative;time;open_question,
FC137,palabra,acciones,跑步,pǎobù,correr / salir a correr,Verbo habitual para hablar de correr como actividad o ejercicio; 跑 significa «correr» de forma más general.,我每天早上跑步。,Wǒ měitiān zǎoshang pǎobù.,Corro todas las mañanas.,—,verbo;actividad;rutina,to run / to go running,The common verb for running as an activity or exercise; 跑 means “to run” more generally.,I go running every morning.,verb;activity;routine,
FC138,palabra,acciones,洗澡,xǐzǎo,ducharse / bañarse,Expresión cotidiana para lavarse el cuerpo; según el contexto puede significar «ducharse» o «bañarse».,我晚上洗澡。,Wǒ wǎnshang xǐzǎo.,Me ducho por la noche.,—,verbo;higiene;rutina,to shower / to bathe,Everyday expression for washing one’s body; depending on context it can mean “to shower” or “to bathe”.,I shower at night.,verb;hygiene;routine,
FC139,frase,bebidas,喝牛奶,hē niúnǎi,beber leche,喝 significa «beber» y 牛奶 es la forma habitual de decir «leche».,我每天早上喝牛奶。,Wǒ měitiān zǎoshang hē niúnǎi.,Bebo leche todas las mañanas.,—,bebida;verbo;rutina,drink milk,喝 means “to drink” and 牛奶 is the usual way to say “milk”.,I drink milk every morning.,drink;verb;routine,
FC140,palabra,numeros,零,líng,cero,Número cero.,零、一、二,"líng, yī, èr","cero, uno, dos",—,numero;basico,zero,The number zero.,"zero, one, two",number;basics,
FC141,palabra,numeros,一,yī,uno,"Número uno. Su tono cambia a menudo en el habla según la sílaba siguiente, pero su forma de diccionario es yī.",零、一、二,"líng, yī, èr","cero, uno, dos",—,numero;basico,one,"The number one. Its tone often changes in speech depending on the following syllable, but the dictionary form is yī.","zero, one, two",number;basics,
FC142,palabra,numeros,二,èr,dos,Es «dos». Para contar objetos suele usarse 两 (liǎng).,一、二、三,"yī, èr, sān","uno, dos, tres",—,numero;basico,two,"It means “two”. For counting objects, 两 (liǎng) is usually used.","one, two, three",number;basics,
FC143,palabra,numeros,三,sān,tres,Número tres.,二、三、四,"èr, sān, sì","dos, tres, cuatro",—,numero;basico,three,The number three.,"two, three, four",number;basics,
FC144,palabra,numeros,四,sì,cuatro,Número cuatro.,三、四、五,"sān, sì, wǔ","tres, cuatro, cinco",—,numero;basico,four,The number four.,"three, four, five",number;basics,
FC145,palabra,numeros,五,wǔ,cinco,Número cinco.,四、五、六,"sì, wǔ, liù","cuatro, cinco, seis",—,numero;basico,five,The number five.,"four, five, six",number;basics,
FC146,palabra,numeros,六,liù,seis,Número seis.,五、六、七,"wǔ, liù, qī","cinco, seis, siete",—,numero;basico,six,The number six.,"five, six, seven",number;basics,
FC147,palabra,numeros,七,qī,siete,Número siete.,六、七、八,"liù, qī, bā","seis, siete, ocho",—,numero;basico,seven,The number seven.,"six, seven, eight",number;basics,
FC148,palabra,numeros,八,bā,ocho,Número ocho.,七、八、九,"qī, bā, jiǔ","siete, ocho, nueve",—,numero;basico,eight,The number eight.,"seven, eight, nine",number;basics,
FC149,palabra,numeros,九,jiǔ,nueve,Número nueve.,八、九、十,"bā, jiǔ, shí","ocho, nueve, diez",—,numero;basico,nine,The number nine.,"eight, nine, ten",number;basics,
FC150,palabra,numeros,十,shí,diez,Número diez. Del 11 al 19 se coloca 十 delante de la unidad.,九、十、十一,"jiǔ, shí, shíyī","nueve, diez, once",—,numero;basico,ten,"The number ten. From 11 to 19, 十 goes before the unit.","nine, ten, eleven",number;basics,
FC151,palabra,numeros,十一,shíyī,once,Se forma con 十 + 一: diez más uno.,十、十一、十二,"shí, shíyī, shí'èr","diez, once, doce",—,numero;compuesto,eleven,Formed with 十 + 一: ten plus one.,"ten, eleven, twelve",number;compound,
FC152,palabra,numeros,十五,shíwǔ,quince,Se forma con 十 + 五: diez más cinco.,十四、十五、十六,"shísì, shíwǔ, shíliù","catorce, quince, dieciséis",—,numero;compuesto,fifteen,Formed with 十 + 五: ten plus five.,"fourteen, fifteen, sixteen",number;compound,
FC153,palabra,numeros,二十,èrshí,veinte,Se forma con 二 + 十: dos decenas.,十九、二十、二十一,"shíjiǔ, èrshí, èrshíyī","diecinueve, veinte, veintiuno",—,numero;decena,twenty,Formed with 二 + 十: two tens.,"nineteen, twenty, twenty-one",number;tens,
FC154,palabra,numeros,二十一,èrshíyī,veintiuno,Se forma con 二 + 十 + 一: dos decenas más uno.,二十、二十一、二十二,"èrshí, èrshíyī, èrshí'èr","veinte, veintiuno, veintidós",—,numero;compuesto,twenty-one,Formed with 二 + 十 + 一: two tens plus one.,"twenty, twenty-one, twenty-two",number;compound,
FC155,palabra,numeros,三十五,sānshíwǔ,treinta y cinco,Se forma con 三 + 十 + 五: tres decenas más cinco.,三十五,sānshíwǔ,treinta y cinco,—,numero;compuesto,thirty-five,Formed with 三 + 十 + 五: three tens plus five.,thirty-five,number;compound,
FC156,palabra,numeros,四十八,sìshíbā,cuarenta y ocho,Se forma con 四 + 十 + 八: cuatro decenas más ocho.,四十八,sìshíbā,cuarenta y ocho,—,numero;compuesto,forty-eight,Formed with 四 + 十 + 八: four tens plus eight.,forty-eight,number;compound,
FC157,palabra,numeros,六十七,liùshíqī,sesenta y siete,Se forma con 六 + 十 + 七: seis decenas más siete.,六十七,liùshíqī,sesenta y siete,—,numero;compuesto,sixty-seven,Formed with 六 + 十 + 七: six tens plus seven.,sixty-seven,number;compound,
FC158,palabra,numeros,九十九,jiǔshíjiǔ,noventa y nueve,Se forma con 九 + 十 + 九: nueve decenas más nueve.,九十九,jiǔshíjiǔ,noventa y nueve,—,numero;compuesto,ninety-nine,Formed with 九 + 十 + 九: nine tens plus nine.,ninety-nine,number;compound,
FC159,palabra,gramatica,和,hé,y (une nombres o grupos nominales),Une nombres o grupos nominales; no enlaza acciones completas.,我喜欢奶茶和牛奶。,Wǒ xǐhuan nǎichá hé niúnǎi.,Me gustan el té con leche y la leche.,—,conjuncion;gramatica,and (joins nouns or noun phrases),Joins nouns or noun phrases; it does not link complete actions.,I like bubble tea and milk.,conjunction;grammar,
FC160,palabra,gramatica,然后,ránhòu,y luego / después (enlaza acciones),"Conector que presenta una acción posterior a otra. Sirve para ordenar acciones, no para unir dos sustantivos.",我跑步，然后洗澡。,"Wǒ pǎobù, ránhòu xǐzǎo.",Salgo a correr y después me ducho.,—,conector;secuencia;gramatica,and then / afterwards (links actions),"Connector that introduces an action that comes after another. It orders actions, not nouns.","I go running, then I shower.",connector;sequence;grammar,
FC161,palabra,lugares,咖啡厅,kāfēitīng,cafetería / café,Local donde se sirve café y otras bebidas. También es frecuente 咖啡馆 (kāfēiguǎn).,我们在咖啡厅喝茶。,Wǒmen zài kāfēitīng hē chá.,Tomamos té en la cafetería.,—,lugar;bebida,café / coffee shop,A place where coffee and other drinks are served; 咖啡馆 (kāfēiguǎn) is also common.,We drink tea at the café.,place;drink,
FC162,palabra,lugares,海滩,hǎitān,playa,Zona de arena o piedras junto al mar.,我们去海滩。,Wǒmen qù hǎitān.,Vamos a la playa.,—,lugar;ocio,beach,An area of sand or pebbles beside the sea.,We go to the beach.,place;leisure,
FC163,palabra,lugares,餐厅,cāntīng,restaurante / comedor (término general),Término general para «restaurante»; según el contexto también puede significar «comedor».,这家餐厅很一般。,Zhè jiā cāntīng hěn yìbān.,Este restaurante es del montón.,—,lugar;comida,restaurant / dining room (general term),General term for “restaurant”; depending on context it can also mean “dining room”.,This restaurant is just average.,place;food,
FC164,palabra,lugares,饭店,fàndiàn,restaurante / hotel (según el contexto),"Puede significar «restaurante» y, según la región o el nombre del establecimiento, también «hotel».",我们去饭店吃饭。,Wǒmen qù fàndiàn chīfàn.,Vamos al restaurante a comer.,—,lugar;comida,restaurant / hotel (depending on context),"It can mean “restaurant” and, depending on the region or the establishment’s name, also “hotel”.",We go to the restaurant to eat.,place;food,
FC165,palabra,lugares,饭馆,fànguǎn,restaurante / casa de comidas (coloquial),"Forma cotidiana para un restaurante o una casa de comidas, normalmente más informal que 餐厅.",这家饭馆很好。,Zhè jiā fànguǎn hěn hǎo.,Este restaurante está muy bien.,—,lugar;comida;coloquial,restaurant / eatery (colloquial),"Everyday word for a restaurant or small eatery, usually more informal than 餐厅.",This restaurant is very good.,place;food;colloquial,
FC166,palabra,acciones,来,lái,venir,Verbo de movimiento hacia el lugar donde está quien habla o hacia el punto de referencia de la conversación.,你什么时候来？,Nǐ shénme shíhou lái?,¿Cuándo vienes?,—,verbo;movimiento,to come,Verb of movement toward where the speaker is or toward the reference point of the conversation.,When are you coming?,verb;movement,
FC167,palabra,acciones,做,zuò,hacer,"Verbo general para hacer, preparar o realizar algo; el sentido concreto depende de su complemento.",你做什么？,Nǐ zuò shénme?,¿Qué haces?,—,verbo;accion,to do / to make,"General verb for doing, preparing, or carrying out something; the specific meaning depends on the object.",What are you doing?,verb;action,
FC168,palabra,acciones,睡觉,shuìjiào,dormir / irse a dormir,Expresión habitual para la acción de dormir o acostarse para dormir.,我晚上十一点睡觉。,Wǒ wǎnshang shíyī diǎn shuìjiào.,Me voy a dormir a las once de la noche.,—,verbo;rutina,to sleep / to go to sleep,Everyday expression for the action of sleeping or going to bed to sleep.,I go to bed at eleven at night.,verb;routine,
FC169,palabra,acciones,工作,gōngzuò,trabajar / trabajo,"Puede funcionar como verbo, «trabajar», o como sustantivo, «trabajo».",我爸爸在饭店工作。,Wǒ bàba zài fàndiàn gōngzuò.,Mi padre trabaja en un restaurante.,—,verbo;sustantivo;rutina,to work / work,"Can function as a verb, “to work”, or as a noun, “work”.",My father works at a restaurant.,verb;noun;routine,
FC170,palabra,paises,西班牙,Xībānyá,España,Nombre de España en mandarín.,我来自西班牙。,Wǒ láizì Xībānyá.,Soy de España.,—,pais;nombre_propio,Spain,The name of Spain in Mandarin.,I come from Spain.,country;proper_noun,西班牙;Xībānyá;España;Spain
FC171,palabra,paises,法国,Fǎguó,Francia,Nombre de Francia en mandarín.,她来自法国。,Tā láizì Fǎguó.,Ella es de Francia.,—,pais;nombre_propio,France,The name of France in Mandarin.,She comes from France.,country;proper_noun,法国;Fǎguó;Francia;France
FC172,palabra,acciones,去,qù,ir,Verbo de movimiento que indica desplazarse hacia un lugar distinto del punto de referencia.,我们下午去中国。,Wǒmen xiàwǔ qù Zhōngguó.,Vamos a China por la tarde.,—,verbo;movimiento,to go,Verb of movement indicating going to a place different from the reference point.,We go to China in the afternoon.,verb;movement,中国;Zhōngguó;China
FC173,palabra,acciones,回,huí,volver / regresar,Indica regresar a un lugar; delante del destino no se usa 去.,我晚上回家。,Wǒ wǎnshang huí jiā.,Vuelvo a casa por la noche.,—,verbo;movimiento,to return / to go back,"Indicates returning to a place; before the destination, 去 is not used.",I go home in the evening.,verb;movement,
FC174,palabra,lugares,奶茶店,nǎichádiàn,tienda de té con leche,Establecimiento especializado en té con leche y bebidas similares.,我们去奶茶店。,Wǒmen qù nǎichádiàn.,Vamos a una tienda de té con leche.,—,lugar;bebida,bubble tea shop,An establishment specializing in bubble tea and similar drinks.,We go to the bubble tea shop.,place;drink,
FC175,palabra,lugares,商店,shāngdiàn,tienda / comercio,Término general para un establecimiento donde se venden productos.,这家商店很好。,Zhè jiā shāngdiàn hěn hǎo.,Esta tienda está muy bien.,—,lugar;compras,store / shop,General term for an establishment where products are sold.,This store is very good.,place;shopping,
FC176,palabra,lugares,巴塞罗那,Bāsàiluónà,Barcelona,Nombre de la ciudad de Barcelona en mandarín.,我住在巴塞罗那。,Wǒ zhù zài Bāsàiluónà.,Vivo en Barcelona.,—,ciudad;nombre_propio,Barcelona,The Mandarin name of the city of Barcelona.,I live in Barcelona.,city;proper_noun,巴塞罗那;Bāsàiluónà;Barcelona
FC177,palabra,preguntas,哪里／哪儿,nǎlǐ / nǎr,dónde,Dos formas equivalentes; 哪儿 es más habitual en el norte de China.,你去哪儿？,Nǐ qù nǎr?,¿Adónde vas?,—,interrogativo;lugar,where,Two equivalent forms; 哪儿 is more common in northern China.,Where are you going?,interrogative;place,China
FC178,frase,rutina,我晚上回家。,Wǒ wǎnshang huí jiā.,Vuelvo a casa por la noche.,回家 significa «volver a casa»; no se dice 回我的家 en este contexto neutro.,我晚上回家。,Wǒ wǎnshang huí jiā.,Vuelvo a casa por la noche.,—,movimiento;casa;tiempo,I go home in the evening.,回家 means “to go back home”; in this neutral context 回我的家 is not said.,I go home in the evening.,movement;home;time,
FC179,frase,preguntas,你好，他们什么时候来咖啡厅？,"Nǐ hǎo, tāmen shénme shíhou lái kāfēitīng?","Hola, ¿cuándo vienen ellos a la cafetería?",来 presenta el movimiento hacia la cafetería como punto de referencia.,他们什么时候来咖啡厅？,Tāmen shénme shíhou lái kāfēitīng?,¿Cuándo vienen ellos a la cafetería?,—,pregunta;movimiento;lugar,"Hello, when do they come to the café?",来 presents the movement toward the café as the reference point.,When do they come to the café?,question;movement;place,
FC180,frase,rutina,她中午去餐厅，下午回家。,"Tā zhōngwǔ qù cāntīng, xiàwǔ huí jiā.",Ella va al restaurante al mediodía y vuelve a casa por la tarde.,Contrasta 去 hacia un destino con 回 para regresar a casa.,她中午去餐厅，下午回家。,"Tā zhōngwǔ qù cāntīng, xiàwǔ huí jiā.",Ella va al restaurante al mediodía y vuelve a casa por la tarde.,—,movimiento;rutina;tiempo,She goes to the restaurant at noon and returns home in the afternoon.,Contrasts 去 toward a destination with 回 for returning home.,She goes to the restaurant at noon and returns home in the afternoon.,movement;routine;time,
FC181,frase,movimiento,我们下午去中国。,Wǒmen xiàwǔ qù Zhōngguó.,Vamos a China por la tarde.,El momento suele colocarse entre el sujeto y el verbo.,我们下午去中国。,Wǒmen xiàwǔ qù Zhōngguó.,Vamos a China por la tarde.,—,movimiento;tiempo;pais,We are going to China in the afternoon.,The time usually goes between the subject and the verb.,We are going to China in the afternoon.,movement;time;country,中国;Zhōngguó;China
FC182,frase,movimiento,他中午来餐厅。,Tā zhōngwǔ lái cāntīng.,Él viene al restaurante al mediodía.,来 presenta el restaurante como el punto hacia el que se mueve la persona.,他中午来餐厅。,Tā zhōngwǔ lái cāntīng.,Él viene al restaurante al mediodía.,—,movimiento;tiempo;lugar,He comes to the restaurant at noon.,来 presents the restaurant as the point toward which the person moves.,He comes to the restaurant at noon.,movement;time;place,
FC183,frase,movimiento,他和爸爸中午去咖啡厅。,Tā hé bàba zhōngwǔ qù kāfēitīng.,Él y su padre van a la cafetería al mediodía.,和 une los dos sujetos; 中午 aparece antes del verbo 去.,他和爸爸中午去咖啡厅。,Tā hé bàba zhōngwǔ qù kāfēitīng.,Él y su padre van a la cafetería al mediodía.,—,movimiento;familia;lugar,He and his father go to the café at noon.,和 joins the two subjects; 中午 appears before the verb 去.,He and his father go to the café at noon.,movement;family;place,
FC184,palabra,acciones,吃,chī,comer,Verbo general para ingerir alimentos; puede llevar el alimento como objeto.,你吃什么？,Nǐ chī shénme?,¿Qué comes?,—,verbo;comida,to eat,General verb for ingesting food; it can take the food as its object.,What do you eat?,verb;food,
FC185,palabra,acciones,吃饭,chīfàn,comer / tomar una comida,Expresión general para hacer una comida; 饭 no señala aquí un plato concreto.,你什么时候吃饭？,Nǐ shénme shíhou chīfàn?,¿Cuándo comes?,—,verbo;comida;rutina,to eat / to have a meal,General expression for having a meal; 饭 here does not point to a specific dish.,When do you eat?,verb;food;routine,
FC186,palabra,bebidas,水,shuǐ,agua,Bebida básica y término general para el agua.,我喝水。,Wǒ hē shuǐ.,Bebo agua.,—,bebida;basico,water,Basic drink and the general term for water.,I drink water.,drink;basics,
FC187,palabra,bebidas,橙汁,chéngzhī,zumo de naranja,"Bebida hecha con naranjas; 橙 significa «naranja» y 汁, «zumo».",我喝橙汁。,Wǒ hē chéngzhī.,Bebo zumo de naranja.,—,bebida;fruta,orange juice,"Drink made with oranges; 橙 means “orange” and 汁, “juice”.",I drink orange juice.,drink;fruit,
FC188,palabra,bebidas,啤酒,píjiǔ,cerveza,"Bebida alcohólica cuyo nombre contiene 酒, «bebida alcohólica».",一瓶啤酒,yì píng píjiǔ,una botella de cerveza,—,bebida;alcohol,beer,"Alcoholic drink whose name contains 酒, “alcoholic drink”.",a bottle of beer,drink;alcohol,
FC189,palabra,clasificadores,瓶,píng,botella / clasificador para botellas,Como clasificador se coloca entre el número y una bebida en botella.,一瓶啤酒,yì píng píjiǔ,una botella de cerveza,—,clasificador;recipiente,bottle / measure word for bottles,As a measure word it goes between the number and a bottled drink.,a bottle of beer,classifier;container,
FC190,palabra,acciones,想要,xiǎngyào,querer / desear,Expresa que se desea obtener algo o hacer algo.,我想要一瓶啤酒。,Wǒ xiǎngyào yì píng píjiǔ.,Quiero una botella de cerveza.,—,verbo;deseo,to want / to wish,Expresses the desire to obtain or do something.,I want a bottle of beer.,verb;desire,
FC191,frase,bebidas,我想要一瓶啤酒。,Wǒ xiǎngyào yì píng píjiǔ.,Quiero una botella de cerveza.,Patrón 想要 + número + clasificador + sustantivo.,我想要一瓶啤酒。,Wǒ xiǎngyào yì píng píjiǔ.,Quiero una botella de cerveza.,—,bebida;clasificador;deseo,I want a bottle of beer.,Pattern 想要 + number + measure word + noun.,I want a bottle of beer.,drink;classifier;desire,
FC192,frase,preguntas,你吃什么？,Nǐ chī shénme?,¿Qué comes? / ¿Qué vas a comer?,什么 ocupa en la oración el lugar del alimento por el que se pregunta.,你吃什么？,Nǐ chī shénme?,¿Qué comes?,—,pregunta;comida,What do you eat? / What are you going to eat?,什么 occupies the place of the food being asked about.,What do you eat?,question;food,
FC193,frase,preguntas,你什么时候吃饭？,Nǐ shénme shíhou chīfàn?,¿Cuándo comes?,什么时候 se coloca antes del verbo para preguntar por el momento.,你什么时候吃饭？,Nǐ shénme shíhou chīfàn?,¿Cuándo comes?,—,pregunta;comida;tiempo,When do you eat?,什么时候 goes before the verb to ask about the moment.,When do you eat?,question;food;time,
FC194,palabra,comida,米饭,mǐfàn,arroz cocido,Arroz ya cocinado; para el grano de arroz sin cocinar se usa 大米.,我吃米饭。,Wǒ chī mǐfàn.,Como arroz.,—,comida;arroz,cooked rice,"Rice that has already been cooked; for the uncooked grain, 大米 is used.",I eat rice.,food;rice,
FC195,palabra,comida,面条,miàntiáo,fideos,Término general para fideos o tallarines.,我吃面条。,Wǒ chī miàntiáo.,Como fideos.,—,comida;fideos,noodles,General term for noodles.,I eat noodles.,food;noodles,
FC196,palabra,comida,面包,miànbāo,pan,Producto horneado elaborado con harina.,我吃面包。,Wǒ chī miànbāo.,Como pan.,—,comida;pan,bread,Baked product made from flour.,I eat bread.,food;bread,
FC197,palabra,comida,披萨,pīsà,pizza,Transcripción habitual de «pizza» en mandarín.,我想吃披萨。,Wǒ xiǎng chī pīsà.,Quiero comer pizza.,—,comida;prestamo,pizza,The common Mandarin transcription of “pizza”.,I want to eat pizza.,food;loanword,
FC198,palabra,comida,汉堡／汉堡包,hànbǎo / hànbǎobāo,hamburguesa,汉堡 y 汉堡包 son formas habituales para referirse a una hamburguesa.,我想吃汉堡。,Wǒ xiǎng chī hànbǎo.,Quiero comer una hamburguesa.,—,comida;prestamo,hamburger,汉堡 and 汉堡包 are common forms for a hamburger.,I want to eat a hamburger.,food;loanword,
FC199,palabra,comida,中国菜,Zhōngguó cài,comida china / cocina china,菜 puede significar «plato» o «cocina»; aquí indica la cocina de China.,我喜欢中国菜。,Wǒ xǐhuan Zhōngguó cài.,Me gusta la comida china.,—,comida;pais,Chinese food / Chinese cuisine,菜 can mean “dish” or “cuisine”; here it refers to China’s cuisine.,I like Chinese food.,food;country,中国;Zhōngguó;China
FC200,palabra,comida,包子,bāozi,bollo chino relleno y cocido al vapor,Masa rellena que normalmente se cocina al vapor.,我吃包子。,Wǒ chī bāozi.,Como un bollo relleno al vapor.,—,comida;masa,steamed stuffed bun (baozi),A filled dough that is usually steamed.,I eat a steamed bun.,food;dough,
FC201,palabra,comida,饺子,jiǎozi,empanadilla china,"Pieza de masa rellena que puede cocerse, hacerse al vapor o freírse.",我喜欢吃饺子。,Wǒ xǐhuan chī jiǎozi.,Me gusta comer empanadillas chinas.,—,comida;masa,dumpling (jiaozi),"A filled piece of dough that can be boiled, steamed, or fried.",I like eating dumplings.,food;dough,
FC202,palabra,comida,薯条,shǔtiáo,patatas fritas,Tiras de patata frita; 薯 se refiere a tubérculos y 条 describe la forma alargada.,我想吃薯条。,Wǒ xiǎng chī shǔtiáo.,Quiero comer patatas fritas.,—,comida;patata,french fries,Fried potato strips; 薯 refers to tubers and 条 describes the elongated shape.,I want to eat french fries.,food;potato,
FC203,palabra,comida,拉面,lāmiàn,fideos chinos estirados a mano,En mandarín se refiere a fideos hechos estirando la masa; el ramen japonés es 日式拉面.,我想吃拉面。,Wǒ xiǎng chī lāmiàn.,Quiero comer fideos chinos estirados a mano.,—,comida;fideos,hand-pulled noodles,In Mandarin it refers to noodles made by stretching the dough; Japanese ramen is 日式拉面.,I want to eat hand-pulled noodles.,food;noodles,
FC204,palabra,personas,帅哥,shuàigē,chico guapo,Forma coloquial de referirse a un hombre joven y atractivo; también puede usarse para llamar a alguien.,他是帅哥。,Tā shì shuàigē.,Él es un chico guapo.,—,persona;coloquial,handsome guy,"Colloquial way to refer to a young, attractive man; it can also be used to get someone’s attention.",He is a handsome guy.,person;colloquial,
FC205,palabra,personas,美女,měinǚ,chica guapa / mujer hermosa,Forma coloquial de referirse a una mujer atractiva; también puede usarse para llamar a alguien.,她是美女。,Tā shì měinǚ.,Ella es una mujer hermosa.,—,persona;coloquial,beautiful woman / pretty girl,Colloquial way to refer to an attractive woman; it can also be used to get someone’s attention.,She is a beautiful woman.,person;colloquial,
FC206,palabra,personas,朋友,péngyou,amigo / amiga,Persona con la que se mantiene una relación de amistad.,下午我和朋友去吃中国菜。,Xiàwǔ wǒ hé péngyou qù chī Zhōngguó cài.,Por la tarde voy con un amigo / una amiga a comer comida china.,—,persona;amistad,friend,A person with whom one has a friendship.,This afternoon I’m going with a friend to eat Chinese food.,person;friendship,中国;Zhōngguó;China
FC207,palabra,personas,男朋友,nánpéngyou,novio,Pareja masculina en una relación sentimental.,她中午和男朋友来西班牙。,Tā zhōngwǔ hé nánpéngyou lái Xībānyá.,Ella viene a España al mediodía con su novio.,—,persona;pareja,boyfriend,Male partner in a romantic relationship.,She comes to Spain at noon with her boyfriend.,person;partner,西班牙;Xībānyá;España;Spain
FC208,palabra,personas,女朋友,nǚpéngyou,novia,Pareja femenina en una relación sentimental.,她是我女朋友。,Tā shì wǒ nǚpéngyou.,Ella es mi novia.,—,persona;pareja,girlfriend,Female partner in a romantic relationship.,She is my girlfriend.,person;partner,
FC209,palabra,acciones,喜欢,xǐhuan,querer a alguien / gustar,Expresa afecto por una persona o agrado por algo; según el contexto corresponde a «querer» o «gustar».,我喜欢中国菜。,Wǒ xǐhuan Zhōngguó cài.,Me gusta la comida china.,—,verbo;preferencia;afecto,to like / to love,Expresses affection for a person or liking for something; depending on context it matches “to like” or “to love”.,I like Chinese food.,verb;preference;affection,中国;Zhōngguó;China
FC210,frase,preguntas,真的吗？,Zhēn de ma?,¿En serio?,真的 pregunta si algo es cierto y 吗 convierte la expresión en una pregunta de sí o no.,真的吗？,Zhēn de ma?,¿En serio?,—,pregunta;confirmacion;conversacion,Really?,真的 asks whether something is true and 吗 turns it into a yes/no question.,Really?,question;confirmation;conversation,
